{"web":{"client_id":"984000201925-s5hap8gkqu9e4ir8i8c6muskiatjg36r.apps.googleusercontent.com","project_id":"restaurant-menu-app-1241","auth_uri":"https://accounts.google.com/o/oauth2/auth","token_uri":"https://accounts.google.com/o/oauth2/token","auth_provider_x509_cert_url":"https://www.googleapis.com/oauth2/v1/certs","client_secret":"KtwDcelRV74T_FmoNQyfzgg-","redirect_uris":["http://www.example.com/oauth2callback"],"javascript_origins":["http://localhost:8000","http://0.0.0.0:8000","http://127.0.0.1:8000"]}}